'C/T','A/G','G/T','G/T','G/G'
'C/T','A/G','G/G','G/T','G/G'
'C/T','A/A','G/T','G/G','G/G'
'C/T','A/A','G/G','G/G','G/G'
'C/C','A/G','G/T','G/T','G/G'
'C/T','A/G','G/G','G/T','G/A'
'C/T','A/A','G/G','G/G','G/G'
'C/T','A/G','G/G','G/T','G/G'
'C/T','G/G','G/G','T/T','G/G'
'C/T','A/G','G/G','G/T','G/G'
'C/C','G/G','G/G','G/T','G/G'
'C/C','A/A','G/G','G/T','G/G'
'C/T','A/G','G/G','G/T','G/G'
'C/T','A/G','G/T','T/T','G/A'
'C/T','A/G','G/T','G/G','G/G'
'C/T','A/A','G/G','G/G','G/A'
'C/C','A/A','G/G','G/T','G/A'
'C/C','A/G','G/G','G/G','G/G'
'C/T','A/G','G/G','G/T','G/A'
'C/T','A/A','G/G','G/G','G/A'
'C/C','A/A','G/G','G/G','G/A'
'C/T','A/G','G/G','G/G','G/A'
'C/T','A/G','T/T','T/T','G/G'
'C/C','A/A','G/G','T/T','G/G'
'T/T','A/A','G/G','G/G','G/G'
'T/T','A/A','G/G','G/G','G/G'
'C/T','A/G','G/G','G/T','G/A'
'C/T','G/G','G/T','G/G','G/G'
'T/T','G/G','G/G','G/G','G/G'
'C/T','A/G','G/G','T/T','G/G'
'C/C','A/A','G/T','G/G','G/G'
'C/T','A/G','G/G','G/G','G/G'
'C/C','G/G','G/G','G/T','G/A'
'C/C','A/A','G/G','G/T','G/G'
'C/C','A/G','G/T','G/G','G/G'
'C/C','G/G','G/T','G/G','G/G'
'C/C','A/G','G/T','G/T','G/A'
'C/C','A/G','G/T','G/T','G/G'
'C/C','A/A','G/T','G/T','G/G'
'C/C','A/G','G/T','G/T','G/G'
'C/C','A/G','G/G','G/G','G/G'
'C/C','A/G','G/T','G/G','G/A'
'C/C','A/G','G/G','G/G','G/G'
'C/C','G/G','G/G','G/G','G/G'
'T/T','A/A','G/T','G/G','G/G'
'C/C','A/A','G/G','G/G','G/A'
'C/C','G/G','G/G','G/G','G/G'
'C/C','A/G','G/G','G/T','G/G'
'C/C','A/A','G/T','G/G','G/G'
'C/C','A/A','G/G','G/G','G/G'
'C/C','A/A','G/G','G/G','G/G'
'T/T','A/A','G/G','G/T','G/G'
'C/C','A/G','G/G','G/T','G/G'
'T/T','A/G','G/G','G/G','G/G'
'T/T','A/A','G/G','G/G','G/G'
'C/C','A/G','G/T','G/G','G/A'
'T/T','A/G','G/G','G/G','G/G'
'C/C','A/G','G/G','G/T','G/G'
'T/T','A/G','G/G','G/G','G/G'
'C/C','A/G','G/G','G/T','G/G'
'T/T','A/A','G/T','T/T','G/A'
'C/C','A/G','G/G','G/G','G/G'
'C/C','A/A','G/G','G/G','G/G'
'C/C','A/A','G/G','G/G','G/G'
'C/C','G/G','G/T','G/G','G/G'
'C/C','A/A','G/G','T/T','G/G'
'C/C','A/A','G/T','G/G','G/G'
'C/C','A/G','G/G','G/T','G/G'
'C/C','A/G','G/G','G/G','G/G'
'C/C','G/G','G/T','G/G','G/A'
'C/C','A/G','G/G','G/G','G/G'
'T/T','A/A','G/T','G/G','G/G'
'C/C','A/A','G/G','G/T','G/A'
'C/C','A/G','G/G','G/T','G/G'
'T/T','A/A','G/T','T/T','G/A'
'C/C','A/G','G/T','G/T','G/A'
'C/C','A/G','G/G','G/T','G/G'
'T/T','G/G','G/T','G/T','G/G'
'T/T','G/G','G/G','G/G','G/G'
'C/T','A/A','G/T','G/G','G/G'
'C/C','A/A','G/T','G/T','G/G'
'T/T','A/A','G/T','G/G','G/G'
'T/T','A/G','T/T','G/T','G/A'
'C/T','A/A','G/G','G/G','G/G'
'T/T','A/A','T/T','G/G','G/G'
'C/T','A/G','G/G','G/G','G/A'
'C/T','A/G','G/T','G/G','G/G'
'C/T','A/A','G/T','G/G','G/G'
'C/T','G/G','G/T','G/G','G/G'
'C/C','A/G','G/G','G/T','G/G'
'C/C','A/G','G/G','G/G','G/G'
'C/T','A/A','G/G','G/G','G/A'
'C/C','A/G','G/T','G/T','G/A'
'C/C','G/G','G/G','G/T','G/G'
'C/C','G/G','G/G','G/G','A/A'
'T/T','A/G','G/T','G/G','G/G'
'T/T','A/G','G/T','G/G','A/A'
'C/T','G/G','G/G','G/G','G/A'
'C/T','A/G','G/G','G/T','A/A'
'T/T','A/G','G/T','G/G','G/G'
'C/C','A/G','G/T','G/T','G/G'
'C/T','A/A','G/G','G/G','G/G'
'C/C','A/G','G/G','T/T','G/G'
'C/T','A/A','G/G','G/G','G/A'
'C/T','G/G','G/T','G/G','G/G'
'C/T','A/A','G/G','G/G','A/A'
'C/C','G/G','T/T','G/G','G/A'
'C/C','A/G','G/T','G/G','G/G'
'C/T','A/G','G/T','G/G','A/A'
'C/T','A/G','G/T','G/T','G/G'
'T/T','A/G','G/G','G/G','G/G'
'C/T','A/G','G/G','G/G','G/A'
'C/C','A/A','G/T','G/G','G/A'
'C/T','A/A','G/T','G/T','G/G'
'C/T','A/G','G/G','G/G','G/G'
'T/T','A/G','G/G','G/T','G/G'
'C/C','A/A','G/G','G/T','G/A'
'C/T','A/G','G/G','G/G','G/G'
'C/C','A/G','G/T','G/G','G/A'
'C/T','A/A','G/T','G/G','G/G'
'C/C','A/G','G/G','G/T','G/G'
'C/T','A/A','T/T','G/G','G/G'
'C/T','A/A','G/G','G/G','G/G'
'C/T','A/G','T/T','G/G','G/G'
'C/C','A/G','G/T','G/G','G/G'
'T/T','A/A','G/G','G/G','G/A'
'C/T','G/G','G/T','G/G','G/G'
'C/T','A/G','G/T','T/T','G/A'
'C/C','A/G','G/T','G/G','A/A'
'C/T','G/G','T/T','G/T','G/G'
'C/T','A/G','G/G','G/G','G/G'
'T/T','A/G','G/T','G/G','G/G'
'C/C','A/A','G/G','G/T','G/A'
'C/C','A/A','T/T','G/G','G/A'
'T/T','G/G','G/T','G/T','G/A'
'C/T','A/A','T/T','G/G','G/G'
'C/C','G/G','G/G','G/T','G/G'
'C/C','A/G','G/G','G/G','G/A'
'C/T','G/G','G/T','G/T','G/A'
'C/T','A/A','G/T','G/G','G/A'
'C/T','A/G','G/G','G/T','G/A'
'T/T','A/G','G/G','G/T','G/G'
'C/C','A/G','G/G','G/G','G/A'
'C/C','A/G','G/T','G/G','G/G'
'T/T','A/G','G/T','G/G','G/G'
'T/T','G/G','G/T','G/G','G/G'
'C/T','G/G','G/T','G/T','G/A'
'C/T','A/G','G/T','G/G','G/A'
'C/C','A/G','G/G','G/T','G/A'
'C/T','A/G','G/T','G/G','G/G'
'C/C','A/G','G/T','G/G','G/A'
'T/T','G/G','G/G','G/G','G/G'
'C/T','G/G','G/G','G/G','G/G'
'C/T','A/G','G/G','G/G','G/G'
'C/T','G/G','G/T','G/T','G/A'
'C/T','A/A','G/T','G/G','G/G'
